"","M2","df","p","RMSEA","RMSEA_5","RMSEA_95"
"RSM",61561.1264032712,2339,0,0.0922071377025683,0.0915631580231812,0.0928216531073597
